{
    "_meta": {
        "estado": "Aguascalientes",
        "last_updated": "Auto-generado",
        "auto_populated": true
    },
    "state_law": {
        "ley_nombre": "Ley de Protección Civil del Estado de Aguascalientes",
        "art_obligatorio": "Art. Variable",
        "reglamento_nombre": "Reglamento de la Ley de Protección Civil de Aguascalientes",
        "art_reglamento": "Art. Variable"
    },
    "municipios": {
        "Aguascalientes": {
            "reglamento": "Reglamento de Protección Civil del Municipio de Aguascalientes",
            "bando": "Bando de Policía y Gobierno del Municipio de Aguascalientes",
            "art_inspeccion": "Art. Fundamento (Facultad de Inspección)",
            "art_bando": "Orden Público y Convivencia",
            "_ai_researched": true,
            "_research_timestamp": "2026-01-26 13:14:14.321612"
        }
    }
}