{
    "_meta": {
        "estado": "Campeche",
        "last_updated": "Auto-generado",
        "auto_populated": true
    },
    "state_law": {
        "ley_nombre": "Ley de Protección Civil del Estado de Campeche",
        "art_obligatorio": "Art. Variable",
        "reglamento_nombre": "Reglamento de la Ley de Protección Civil de Campeche",
        "art_reglamento": "Art. Variable"
    },
    "municipios": {
        "Carmen": {
            "reglamento": "Reglamento de Protección Civil del Municipio de Carmen",
            "bando": "Bando de Policía y Gobierno del Municipio de Carmen",
            "art_inspeccion": "Art. Fundamento (Facultad de Inspección)",
            "art_bando": "Orden Público y Convivencia",
            "_ai_researched": true,
            "_research_timestamp": "2026-01-25 19:18:52.692908"
        },
        "Campeche": {
            "reglamento": "Reglamento de Protección Civil del Municipio de Campeche",
            "bando": "Bando de Policía y Gobierno del Municipio de Campeche",
            "art_inspeccion": "Art. Fundamento (Facultad de Inspección)",
            "art_bando": "Orden Público y Convivencia",
            "_ai_researched": true,
            "_research_timestamp": "2026-01-26 20:53:04.725040"
        }
    }
}