{
    "_meta": {
        "estado": "Michoacán",
        "last_updated": "Auto-generado",
        "auto_populated": true
    },
    "state_law": {
        "ley_nombre": "Ley de Protección Civil del Estado de Michoacán",
        "art_obligatorio": "Art. Variable",
        "reglamento_nombre": "Reglamento de la Ley de Protección Civil de Michoacán",
        "art_reglamento": "Art. Variable"
    },
    "municipios": {
        "Lázaro Cárdenas": {
            "reglamento": "Reglamento de Protección Civil del Municipio de Lázaro Cárdenas",
            "bando": "Bando de Policía y Gobierno del Municipio de Lázaro Cárdenas",
            "art_inspeccion": "Art. Fundamento (Facultad de Inspección)",
            "art_bando": "Orden Público y Convivencia",
            "_ai_researched": true,
            "_research_timestamp": "2026-01-25 23:27:42.829259"
        },
        "Morelia": {
            "reglamento": "Reglamento de Protección Civil del Municipio de Morelia",
            "bando": "Bando de Policía y Gobierno del Municipio de Morelia",
            "art_inspeccion": "Art. Fundamento (Facultad de Inspección)",
            "art_bando": "Orden Público y Convivencia",
            "_ai_researched": true,
            "_research_timestamp": "2026-01-26 00:29:17.405502"
        }
    }
}